{"is_source_file": true, "format": "bash script", "description": "A startup script for initializing, checking, and starting a PostgreSQL database server, setting up users, permissions, and connection info.", "external_files": ["/usr/lib/postgresql/<version>/bin/pg_isready", "/usr/lib/postgresql/<version>/bin/psql", "/usr/lib/postgresql/<version>/bin/initdb", "/usr/lib/postgresql/<version>/bin/postgres", "/var/lib/postgresql/data"], "external_methods": ["ls", "sudo", "pgrep", "cat", "sleep"], "published": [], "classes": [], "methods": [], "calls": ["/usr/lib/postgresql/${PG_VERSION}/bin/pg_isready", "/usr/lib/postgresql/${PG_VERSION}/bin/psql", "/usr/lib/postgresql/${PG_VERSION}/bin/initdb", "/usr/lib/postgresql/${PG_VERSION}/bin/postgres", "pgrep", "cat", "sleep"], "search-terms": ["PostgreSQL startup script", "database initialization", "database setup", "permissions setup", "psql commands", "pg_isready check", "environment variables", "db_connection.txt"], "state": 2, "file_id": 7, "knowledge_revision": 13, "git_revision": "aaafbb7a0ebe0a0d17adf127b980cad8cfb7deb5", "hash": "fa2aa67ea0a7c72f7c0958282f15a864", "format-version": 4, "code-base-name": "zwiggy_database", "filename": "zwiggy_database/startup.sh", "revision_history": [{"13": "aaafbb7a0ebe0a0d17adf127b980cad8cfb7deb5"}]}