{"is_source_file": true, "format": "HTML", "description": "HTML source code for a database visualizer web interface, including styles and client-side scripting for fetching and displaying database and table data.", "external_files": ["fetch API (used in JavaScript)"], "external_methods": ["fetch", "JSON.parse", "JSON.stringify"], "published": [], "classes": [], "methods": [{"name": "loadDatabases", "description": "Fetches the list of available databases from the server and populates the sidebar."}, {"name": "refreshDatabases", "description": "Refreshes the database list and resets the view."}, {"name": "toggleDatabase", "description": "Expands or collapses the list of tables for a selected database."}, {"name": "loadTables", "description": "Fetches tables for a selected database and displays them."}, {"name": "loadTableData", "description": "Fetches data from a selected table and renders it in tabular form."}, {"name": "renderTable", "description": "Dynamically generates HTML for displaying table data."}, {"name": "renderCell", "description": "Renders individual cell data, handling objects and long strings with expandable content."}, {"name": "expandCell", "description": "Expands or collapses cell content for readability."}], "calls": ["fetch", "JSON.parse", "JSON.stringify"], "search-terms": ["HTML database viewer", "client-side database explorer", "AJAX database fetch", "dynamic HTML tables", "expandable JSON cells", "database sidebar menu"], "state": 2, "file_id": 5, "knowledge_revision": 14, "git_revision": "aaafbb7a0ebe0a0d17adf127b980cad8cfb7deb5", "hash": "ee63333a4841bf025439c755a74c9881", "format-version": 4, "code-base-name": "zwiggy_database", "filename": "zwiggy_database/db_visualizer/public/index.html", "revision_history": [{"14": "aaafbb7a0ebe0a0d17adf127b980cad8cfb7deb5"}]}