{"is_source_file": true, "format": "bash", "description": "This is a Bash script for backing up various database types (SQLite, PostgreSQL, MySQL, MongoDB) by detecting the running database and performing a corresponding backup command.", "external_files": ["/usr/lib/postgresql/", "/var/run/mysqld/mysqld.sock"], "external_methods": ["ls", "cp", "sudo -u postgres pg_isready", "sudo mysqladmin", "mysqladmin ping", "mysql", "mysqldump", "mongosh", "mongodump", "echo", "exit"], "published": [], "classes": [], "methods": [], "calls": ["ls", "cp", "sudo -u postgres pg_isready", "mysqladmin ping", "mysql", "mysqldump", "mongosh", "mongodump", "echo", "exit"], "search-terms": ["backup_db.sh", "database backup", "SQLite", "PostgreSQL", "MySQL", "MongoDB", "database detection", "database backup script", "docker", "shell script"], "state": 2, "file_id": 3, "knowledge_revision": 12, "git_revision": "aaafbb7a0ebe0a0d17adf127b980cad8cfb7deb5", "hash": "7af9aa35fa4940f934d83f6e2621b732", "format-version": 4, "code-base-name": "zwiggy_database", "filename": "zwiggy_database/backup_db.sh", "revision_history": [{"12": "aaafbb7a0ebe0a0d17adf127b980cad8cfb7deb5"}]}