{"is_source_file": false, "format": "", "description": "", "external_files": [], "external_methods": [], "published": [], "classes": [], "methods": [], "calls": [], "search-terms": [], "state": 2, "file_id": 8, "knowledge_revision": 17, "git_revision": "26283803b3668aa612fd2831e21b4e38395c602c", "hash": "d26256af89571d969bcf417a19b67ec7", "format-version": 4, "code-base-name": "zwiggy_database", "filename": "zwiggy_database/SCHEMA_AND_SEED.md", "revision_history": [{"17": "26283803b3668aa612fd2831e21b4e38395c602c"}]}