{"is_source_file": true, "format": "bash script", "description": "A shell script for restoring various types of databases (SQLite, PostgreSQL, MySQL, MongoDB) from backup files, with detection logic for backup type and database server availability.", "external_files": ["database_backup.db", "database_backup.sql", "database_backup.archive"], "external_methods": ["ls /usr/lib/postgresql/", "sudo -u postgres pg_isready", "psql", "mysqladmin", "mysql", "mongosh", "mongorestore"], "published": [], "classes": [], "methods": [{"name": "restore_db.sh", "description": "Main script logic for detecting backup type and performing the restore operation."}], "calls": ["ls", "pg_isready", "psql", "mysqladmin", "mysql", "mongosh", "mongorestore"], "search-terms": ["restore_db", "database_backup", "mysql", "postgresql", "sqlite", "mongod", "backup detection", "shell script database restore"], "state": 2, "file_id": 2, "knowledge_revision": 11, "git_revision": "aaafbb7a0ebe0a0d17adf127b980cad8cfb7deb5", "hash": "67505395c0df4c9c001ab8f47571f3fb", "format-version": 4, "code-base-name": "zwiggy_database", "filename": "zwiggy_database/restore_db.sh", "revision_history": [{"11": "aaafbb7a0ebe0a0d17adf127b980cad8cfb7deb5"}]}