{"is_source_file": false, "format": "", "description": "", "external_files": [], "external_methods": [], "published": [], "classes": [], "methods": [], "calls": [], "search-terms": [], "state": 2, "file_id": 4, "knowledge_revision": 9, "git_revision": "aaafbb7a0ebe0a0d17adf127b980cad8cfb7deb5", "hash": "0c9f36dfd1a6dee9fa952c06ab7d9563", "format-version": 4, "code-base-name": "zwiggy_database", "filename": "zwiggy_database/db_visualizer/package.json", "revision_history": [{"9": "aaafbb7a0ebe0a0d17adf127b980cad8cfb7deb5"}]}